Number of epochs,Repair level,Batch size,Learning rate,Clipping Norm,Noise multiplier,Classification error,Privacy budget,Fairness before,Fairness after
107,0.7361417678180906,19,0.031997461859534566,0.6716434558825233,3.4769498584334784,0.24413962534548062,0.22013559544217448,0.1970612349776014,0.0036019056834114133
93,0.7003885802881318,46,0.0752299635741716,1.6032107939433125,3.1216701845046466,0.254068993755758,0.37321745329279477,0.1970612349776014,0.0007633497302251043
81,0.6132705805245702,25,0.011408567924982679,1.3531667710256163,3.624220069984199,0.21445388473743476,0.20959366359624132,0.1970612349776014,0.03194855928074302
78,0.32653259488456543,46,0.08370539428277231,0.8040438406791899,1.503767763702296,0.19930392056505275,0.8289822041624197,0.1970612349776014,0.06490991555500367
110,0.827718992580777,27,0.026861060852574392,0.20138221137881362,3.555298520394129,0.20247722387143008,0.26382777163266496,0.1970612349776014,0.05502646989631807
89,0.12584667034616992,40,0.07672131442818877,0.31053110097503167,1.2470994544884406,0.23605282014535778,1.0765887685584965,0.1970612349776014,0.012139081737735955
37,0.3340970851865148,25,0.03265389001581828,0.12244271795688838,3.0136678183155436,0.20882383048418462,0.16876550126591364,0.1970612349776014,0.06424641164447929
120,0.8452154300835951,23,0.04936122520872208,0.47916913923273063,2.6745922976007144,0.2494625857303716,0.3515987233191627,0.1970612349776014,0.0
73,0.42121012488766707,17,0.053825212298768486,1.2650559491402489,1.4907996930379577,0.23216296447947593,0.46984801281260774,0.1970612349776014,0.08317085087087639
87,0.6815051858308082,50,0.0407105149551483,1.3932186769085304,3.132872795179073,0.24628928242399428,0.3753442226404391,0.1970612349776014,0.0032901324512870454
116,0.7941532576985029,34,0.003846830340335065,1.6452631745172837,2.3152558901043436,0.19019346913706625,0.5062129881426536,0.1970612349776014,0.05575703157852274
127,0.09906404853589634,24,0.09156743379076424,1.4474044705666282,3.641063517637383,0.661275463199918,0.26045584618599693,0.1970612349776014,0.04855790421855988
120,0.1320957670115963,53,0.04089461880919314,0.5796091630649769,1.9336843710104583,0.18814617668133893,0.8184390679909412,0.1970612349776014,0.08536315726533913
118,0.7672891826586713,40,0.0685588290322525,1.6670985850539473,1.605327258252935,0.2494625857303716,0.8829135063853687,0.1970612349776014,0.0
115,0.9466522993187022,62,0.06852995035795556,0.3929889772743915,3.4894322729604736,0.20421742245879826,0.4340322084244158,0.1970612349776014,0.03981276781884632
63,0.4341085980874645,50,0.0037031372988921324,1.2520531693072212,4.943248978512335,0.19459514791687993,0.18834570486143246,0.1970612349776014,0.06228916592081027
100,0.9872179278230829,28,0.023950579144934758,1.6025267417774205,3.997612258901827,0.24874603337086698,0.22384952954239895,0.1970612349776014,0.004830214788480287
43,0.9479170777548512,33,0.00810756154608058,0.27526365670620734,1.1839831487066683,0.19244549083836626,0.703111873826289,0.1970612349776014,0.06288905337081686
53,0.9660660413686903,45,0.043810201623311604,1.1483209965671508,4.858227058758009,0.24936022110758527,0.1648576662456894,0.1970612349776014,3.670731906661316e-05
88,0.2908178275046629,33,0.09028588947193486,0.3386142936409231,1.4954833842182942,0.2494625857303716,0.7438795094450215,0.1970612349776014,0.0
92,0.1785694559878661,21,0.036894858049059294,1.4594529843078954,3.864375357714907,0.25202170130003076,0.19004585156933376,0.1970612349776014,0.007503826785808684
114,0.8551957778490131,49,0.013153885319123041,0.4281919579961112,4.340994155821695,0.1980755450916163,0.29725854754475556,0.1970612349776014,0.04863724555925082
32,0.9004965384303293,42,0.02587949284637694,1.0752583540982656,4.677081453818888,0.23267478759340776,0.12575298774754867,0.1970612349776014,0.008645672947919866
39,0.4052723482297026,61,0.05089911464839267,1.2858420009768272,1.1575987544529531,0.2020677653802846,0.9661224268809626,0.1970612349776014,0.05381202162787591
126,0.8475521310565608,33,0.0727538426397103,0.1189909103384898,4.732618446496296,0.6174634046473539,0.22982836931222436,0.1970612349776014,0.0023620299491575736
37,0.9767319658772022,40,0.05075184402250476,1.8054372765194673,1.7231190720491552,0.21199713379056195,0.4274114750025421,0.1970612349776014,0.03462217127807143
61,0.9837197085982006,18,0.07242989133930212,1.4222093248762304,2.457866144861708,0.254068993755758,0.23502263648739452,0.1970612349776014,0.04231331054229423
95,0.441168657865983,36,0.08684071540267893,0.6214849864499118,3.5386136948304743,0.2494625857303716,0.28642204139556854,0.1970612349776014,0.0
70,0.5865625878930302,53,0.004429751175111683,1.8996331919485367,3.4185557554677937,0.1900911045142799,0.31128657311275926,0.1970612349776014,0.06294435332935862
107,0.6889783847693378,43,0.0316608110442486,1.9771370717517238,3.2983670453979976,0.20411505783601191,0.36469059222173744,0.1970612349776014,0.04313129108722396
112,0.39061541089618246,40,0.08873230008265871,1.0657780507868746,4.943835286450417,0.7327259699048009,0.2280846519355145,0.1970612349776014,0.025388512081248593
40,0.2282034497364337,22,0.02929427249073367,0.44376235236614636,1.5210338516458903,0.19459514791687993,0.37914552338542357,0.1970612349776014,0.06532038750310794
85,0.8325625247768252,17,0.09852124046800038,1.8909034146188681,1.2049771177085127,0.316613778278227,0.6916097245360174,0.1970612349776014,0.02728166338451614
83,0.8943487124203022,41,0.015838338135568123,1.5443943904515434,3.1645096822845846,0.19592588801310262,0.3245061149714953,0.1970612349776014,0.04949489677452597
109,0.5685963891254596,38,0.048965435174801744,0.8904662521142028,4.479753890441391,0.24506090695055793,0.24384455068469568,0.1970612349776014,0.0033880186354646805
83,0.27252830035818987,58,0.05240941170972942,0.41477528651956375,2.773785806980912,0.19592588801310262,0.45619137113588804,0.1970612349776014,0.07516272861179707
103,0.6911252616870717,48,0.08089727910348835,0.51052624185555,2.1508496513744744,0.32490531272392265,0.6255807748671319,0.1970612349776014,0.01673418805943412
70,0.9211459827688466,16,0.01120911093961562,0.2671049067812258,1.727081483881213,0.19418568942573444,0.3660862511762707,0.1970612349776014,0.04406431657615541
114,0.3451676030372919,44,0.03397160992962093,0.9233114537489331,1.379782211387559,0.2031937762309346,1.1227339109749952,0.1970612349776014,0.046376065145549775
63,0.4046782638631009,42,0.07266561301788169,1.1539555775140304,1.7280985237122715,0.2134302385095711,0.5843498117127521,0.1970612349776014,0.038504352637272705
109,0.9067433759370446,26,0.002846523342268776,1.0375265508578564,1.9314123413603475,0.1989968266966936,0.5273136588559221,0.1970612349776014,0.043315640214359276
48,0.17270370831932758,47,0.010289324287130107,1.899183766031062,2.189637520364578,0.19224076159279357,0.3992130050832365,0.1970612349776014,0.06279083261472065
103,0.7913533872231957,46,0.08652030946335455,1.2224176220955971,2.1885418387982765,0.2646125499027536,0.5986485475371668,0.1970612349776014,0.013534772394069517
50,0.9997303096227855,54,0.06308077425109941,1.1991900893107146,3.093627362696421,0.2214146790869076,0.2935115960262281,0.1970612349776014,0.01864186934316553
94,0.16893862406431326,35,0.05557002014341835,1.9019005371384579,1.2287145843479852,0.2111782168082711,1.0538639863062969,0.1970612349776014,0.04781826129856539
81,0.19028507343802348,35,0.04378994563149384,0.27729894002888184,3.9392144486616876,0.19572115876752993,0.22910895803366418,0.1970612349776014,0.0695104228233874
88,0.13512414447167598,35,0.013886139390170034,1.8901019260654492,4.6573058763109625,0.18599651960282526,0.19870002505276085,0.1970612349776014,0.09336229387860527
53,0.45462511915286197,58,0.0762320590119839,0.17002838464347794,1.8251439179321043,0.2496673149759443,0.5916221893110644,0.1970612349776014,0.0019769854668650003
123,0.5738337157376154,17,0.03402878394110633,0.6036122885350693,2.038320974978772,0.22223359606919846,0.4180109013139778,0.1970612349776014,0.02561300983861302
66,0.13323257952706902,58,0.06913873540415766,1.5771938812684594,1.6777552418781703,0.20687890265124376,0.7428916394381903,0.1970612349776014,0.04929243296779917
65,0.2291418585152808,45,0.0686215458776365,1.4147878337454445,2.362169730491749,0.20626471491452558,0.4199214342003234,0.1970612349776014,0.045161616877107624
48,0.056968875391610885,54,0.0979215248903034,1.7824449171163455,1.9972373489883557,0.2162964479475893,0.4817358992702267,0.1970612349776014,0.05568476404411035
93,0.6933035274549478,47,0.02059116855228095,1.2776330512824683,2.754503910433251,0.22888729655031226,0.43626623496300093,0.1970612349776014,0.03510362026890215
100,0.8680498994718178,34,0.04935814617033844,1.5395021896938919,4.700528663844565,0.22069812672740297,0.2075362372186708,0.1970612349776014,0.031347046767131924
55,0.8618296552589991,59,0.019852668010804205,1.203092360398617,3.8548706911738075,0.20196540075749825,0.25261055219016243,0.1970612349776014,0.04950909218307125
39,0.6277051429216329,46,0.04538205183927603,0.4000184994667312,1.9367916006708903,0.22039103285904393,0.40945814679537096,0.1970612349776014,0.0342286669058378
108,0.19187299431186688,38,0.06926395891815532,1.378510703657766,4.394098996173503,0.2494625857303716,0.247914329406699,0.1970612349776014,0.0
36,0.44397377576495933,42,0.05877360648405454,1.8531004905217798,3.0479799745059077,0.24495854232777148,0.21768357915433217,0.1970612349776014,0.006563297326703456
50,0.9959482945406345,49,0.06330550279472326,0.7880779925732262,1.8646362896981836,0.19930392056505275,0.5087795024370632,0.1970612349776014,0.04636105720520223
108,0.4586378959552625,38,0.08914198172260311,1.4817621569672903,3.7285537533665196,0.29092025795884946,0.29813326402157336,0.1970612349776014,0.0014332105072024232
128,0.8473750239886917,33,0.0171325167870445,1.3921315394877232,2.318236933657862,0.1978708158460436,0.5246584127825525,0.1970612349776014,0.054159355075346076
120,0.35860680210897844,54,0.04105587261841894,1.4243553235796815,4.258545827436091,0.1914218446105026,0.32930712641035714,0.1970612349776014,0.06412209427873415
32,0.2757895490803046,27,0.05226397732675324,0.24433662778997195,2.472520580506404,0.21680827106152112,0.2047502804697056,0.1970612349776014,0.03574509022878888
80,0.09053475441089631,48,0.023820660907843523,1.5504648359212956,2.2898985642321352,0.18886272904084345,0.5053673630421391,0.1970612349776014,0.08418575088788217
111,0.9486364054704615,52,0.08050221527263104,0.7773157562380636,2.8571329663437313,0.22182413757805297,0.48653587104324425,0.1970612349776014,0.010261464130688
99,0.039503003430470196,40,0.03000221589997344,1.0683067977265,4.4579939910818975,0.21261132152728013,0.23931879079305504,0.1970612349776014,0.05948961149413222
114,0.9914742802014876,30,0.009164701975223226,0.7435365763356482,2.3082523783582873,0.19152420923328894,0.4701307379060302,0.1970612349776014,0.058968205057025866
37,0.3624634267350698,41,0.06999834930293904,1.030605339509623,3.633326888999739,0.2494625857303716,0.1785509892724378,0.1970612349776014,0.0
41,0.7287820201075187,26,0.0023630167092327297,0.4901365100660685,4.265278503947407,0.22264305456034394,0.1228902153837988,0.1970612349776014,0.03160399800059821
56,0.7846883796354683,37,0.003104526772386913,1.33730002192336,2.221713598952296,0.1914218446105026,0.3744870758957631,0.1970612349776014,0.055723096426781464
34,0.6580364244702973,63,0.03145973379870882,0.5963893012933597,4.127128610143171,0.19756372197768446,0.18653838717702756,0.1970612349776014,0.05310234679258807
124,0.15727899028294856,50,0.03452460583980762,0.9868704664375786,2.43043449797652,0.19469751253966627,0.6119220750638211,0.1970612349776014,0.08579647569588332
128,0.2557987404901295,28,0.08076418191391194,1.9542870513636623,4.093257281766937,0.2494625857303716,0.24936382725557824,0.1970612349776014,0.0
89,0.07703476195687109,16,0.007770814831318181,0.7579023644180777,1.8091931149044078,0.18886272904084345,0.39328623032152027,0.1970612349776014,0.08278857855590922
107,0.664448946987901,48,0.049355367104682114,0.2802880978745169,4.8068746172536,0.21046166444876646,0.25337468807737,0.1970612349776014,0.040996387674791135
60,0.08921070554764388,48,0.04391289587291995,1.1862840440343263,4.343525978940097,0.2383048418466578,0.20701484075802884,0.1970612349776014,0.017776045013879478
66,0.04086979251234779,30,0.04389445113104211,1.2516873387868401,1.5994197637139393,0.20237485924864362,0.5517649548970713,0.1970612349776014,0.0443671041624666
76,0.16327539546774816,45,0.009158834223468235,0.9953826151546812,2.0406765578483257,0.19305967857508444,0.5456396271174115,0.1970612349776014,0.06254415751875347
101,0.9415326098845014,51,0.0890297112210272,1.0081420292234105,4.820773247335545,0.24669874091513977,0.25297377725555037,0.1970612349776014,0.0015692856860860813
101,0.7449766556029873,54,0.06371219059169657,0.34582040276825843,1.4645277645057386,0.2031937762309346,1.0814863191271489,0.1970612349776014,0.044141315913416225
47,0.9037214068718591,52,0.014058574803739333,1.5594795855732464,1.457405779484187,0.19439041867130724,0.7011882760960921,0.1970612349776014,0.0454856258822542
68,0.8427843313962613,26,0.0647893048958425,1.6956435019587246,3.0154088968285517,0.2407615927935306,0.24007775488716965,0.1970612349776014,0.021893812799746566
100,0.3488470995658547,17,0.04888478182601162,0.6555706427094938,2.3348177960776804,0.22714709796294397,0.3169297516634661,0.1970612349776014,0.017116125802482694
125,0.6236272096936072,56,0.026278094106452952,0.8439627763675026,2.669951411661711,0.19500460640802542,0.5849890993818142,0.1970612349776014,0.06395356562374864
92,0.8824711657832164,18,0.05179276065145869,1.484087834117636,1.2486984242692842,0.2625652574470263,0.7064481727398308,0.1970612349776014,0.0073499714992521364
83,0.3366935280237022,44,0.09108800192346525,1.8340676111190561,2.073158353168712,0.29644794758931314,0.5549491533021896,0.1970612349776014,0.10573012721667041
127,0.18197152609553102,55,0.0672258984449609,0.44186496217363824,2.670498417456923,0.24291124987204427,0.5840261335924075,0.1970612349776014,0.03882998670602379
37,0.7897634643573719,20,0.059684488744378206,1.7420651300740322,1.0474386755245098,0.21199713379056195,0.5991308587800481,0.1970612349776014,0.06651232386102876
47,0.4985389596473937,42,0.018753296532377024,1.1041880510800903,3.808478493648884,0.19930392056505275,0.19535920079528898,0.1970612349776014,0.05559404725818791
43,0.29595845876628435,52,0.04322153306213609,0.6568469652077514,2.6461671673258564,0.2352339031630668,0.317327052143759,0.1970612349776014,0.014187522207211095
117,0.5691952028183872,30,0.04590791842946902,0.9131632121521402,3.799153787365966,0.2069812672740301,0.26810900773885016,0.1970612349776014,0.044838754975681884
70,0.7091503877689059,48,0.02108250687470799,0.7762471930810305,4.516822862559991,0.20493397481830278,0.21552252192046845,0.1970612349776014,0.050206865817255475
84,0.1680718898755269,52,0.009671507725198508,1.435374765684811,4.8518881904425655,0.1965400757498209,0.22963135424377332,0.1970612349776014,0.05850568327758888
42,0.2987440243618521,53,0.0760876768862125,0.4769850337340591,4.982684871675078,0.2343126215579896,0.15433376049136246,0.1970612349776014,0.018680679685720347
93,0.16156815989302165,52,0.029032421399899776,0.8053894597736915,3.982971236034421,0.1963353465042481,0.30264200124755747,0.1970612349776014,0.06855961722678307
65,0.44696041128314157,29,0.03527904219932661,0.164919583048058,1.7490141220048172,0.2254068993755758,0.47832414188192596,0.1970612349776014,0.03545143167625597
99,0.7343677636302005,45,0.016834485662661627,1.3371598031766279,3.8787270546870443,0.21424915549186196,0.298174259878834,0.1970612349776014,0.03070213549608269
68,0.031500588180704,59,0.07663426087356548,1.0398253941944828,3.9296913869963785,0.30709386835909513,0.27748809495791804,0.1970612349776014,0.16073685736979249
70,0.9345766576581205,38,0.029016149370433307,0.891363915338585,3.8435870266538577,0.21240659228170744,0.22747900108100394,0.1970612349776014,0.06723342193753656
71,0.17569684509615568,24,0.04842997688527344,0.2771675815431187,4.746117795579105,0.2494625857303716,0.1408513998407849,0.1970612349776014,0.0
36,0.3437797039026782,42,0.0059348486734709,0.1424655676866269,2.9687627830466665,0.1876343535674071,0.22438399284645633,0.1970612349776014,0.07835855957803407
41,0.3543631287067547,29,0.01544264215861037,0.9568793318603832,2.249392390462927,0.19285494932951175,0.27271690462694115,0.1970612349776014,0.08493442724967831
90,0.8296046360232668,31,0.03612990359419893,1.308115845470689,4.36425559635865,0.26870713481420816,0.20246353015133214,0.1970612349776014,0.006126059625113117
111,0.47229453156746914,45,0.061740591952728754,1.8324951403439083,1.288943011991221,0.20227249462585728,1.2350055519742114,0.1970612349776014,0.06300749182999273
75,0.17260338295531852,54,0.05447850877022187,1.4972234207717787,4.914553583579996,0.24291124987204427,0.21726441539990196,0.1970612349776014,0.0075950215316148
82,0.23222944313801996,21,0.06311067640664725,0.6812687895964168,2.5952368846477256,0.2494625857303716,0.28175568217837615,0.1970612349776014,0.0
68,0.29909722402094197,60,0.03838030717586111,1.5489611673195565,1.8788470128103856,0.1940833248029481,0.6655061288575489,0.1970612349776014,0.07057053784538934
34,0.14041993229019356,17,0.09751377559963777,1.3506107818609767,1.301245809686066,0.36912682976763234,0.37462157682128855,0.1970612349776014,0.01077484084174854
82,0.4846327995228863,16,0.06339211345154319,0.12465962226090385,1.1138435704564453,0.2498720442215171,0.7411271018209259,0.1970612349776014,0.012889383163136597
117,0.6013608584031312,49,0.01034613795867827,1.7165311310478912,1.5194525555311191,0.18292558091923428,1.0569879451253905,0.1970612349776014,0.06456927354590505
53,0.6546266164400513,34,0.09322760396590503,1.121138053300524,3.9853471032642216,0.2196744804995393,0.17661866241438864,0.1970612349776014,0.03431431731699322
111,0.48452438687164545,48,0.05377804824986927,1.515970617669179,3.9506536606202807,0.24997440884430344,0.3219032579008937,0.1970612349776014,0.00033982947729637976
38,0.28416750796511836,28,0.05846697410231003,0.29753855682734887,1.977180609482339,0.2016583068891391,0.300345387056231,0.1970612349776014,0.046977577659160885
118,0.2801918290785732,32,0.05974486400052834,0.820048988868489,3.7863855261991803,0.24905312723922612,0.2799977540592249,0.1970612349776014,0.000884894928644891
63,0.8606149762547618,43,0.09098902537002179,1.9782579756618335,2.163373810582992,0.2494625857303716,0.4476491830515013,0.1970612349776014,0.0
39,0.5445786312013859,61,0.06848973604427823,1.7831118444210037,2.2641393364875233,0.21803664653495747,0.3947302763285438,0.1970612349776014,0.04652437609745563
115,0.3602642382771507,52,0.05804127914527931,1.9594117532975082,4.415606245474354,0.2494625857303716,0.3026698558731038,0.1970612349776014,0.0
53,0.5770776356716074,31,0.041889952895229135,0.46311447727169486,4.823933470470701,0.2521240659228171,0.13559915703932693,0.1970612349776014,0.0024155136601412717
50,0.9592505126073355,53,0.05929732792267421,0.532973333905661,2.3553379269038035,0.22550926399836213,0.3992562140019105,0.1970612349776014,0.04124683865383941
107,0.7441186421667761,60,0.03838659141033138,0.648420762428804,4.058456382686186,0.2156822602108711,0.3456891057076112,0.1970612349776014,0.031116526715233128
96,0.44541571263929436,24,0.05071624815848049,0.5514023587032348,3.4060593450642633,0.22591872248950762,0.2412067373345001,0.1970612349776014,0.05211354338523119
59,0.63097910473225,47,0.08482841349820638,1.0214372949372368,3.6241109774839866,0.2496673149759443,0.24866176704984305,0.1970612349776014,0.0001637968521370877
45,0.7256252938199491,64,0.053309010714087446,1.342277872608065,4.938132038945518,0.24956495035315795,0.17943405403201204,0.1970612349776014,0.000315357931251971
68,0.2890701793111611,50,0.06132311093260161,0.11732044311265316,4.695515020300988,0.2303204012693213,0.2079283093805094,0.1970612349776014,0.017086922453589858
115,0.44476324745690055,21,0.027961695824641482,1.177380219438689,2.615937439278522,0.21793428191217112,0.33560191203373324,0.1970612349776014,0.05439102223096571
53,0.37606233943820755,40,0.05204209420812027,1.921160323680096,1.0096508018655794,0.19039819838263894,1.1347735628574893,0.1970612349776014,0.07414209307618708
77,0.3952399620073991,17,0.02538816714210153,1.5265572027923293,2.8019524643864817,0.21394206162350293,0.22183926256510883,0.1970612349776014,0.05825738311801719
62,0.7633242794397556,52,0.04983529329549364,1.5642221543005608,1.028310621525121,0.19224076159279357,1.3851269798195083,0.1970612349776014,0.05896151361865437
103,0.03549172819262891,48,0.08382186814514002,0.5639417919673496,1.604573979750834,0.2458798239328488,0.9056945484427721,0.1970612349776014,0.0025031237068197897
42,0.8505073738103924,27,0.014784209618059742,1.368090553336224,3.8523396281056606,0.2047292455727301,0.14252813168039466,0.1970612349776014,0.028135395328745108
81,0.9966559768792433,58,0.05398703319075698,0.44191491996637333,1.0495596691794065,0.19551642952195725,1.6482852265465318,0.1970612349776014,0.05720869133723519
87,0.5116941657588403,28,0.07356185285320366,0.27301694667775855,2.6681392667587644,0.7551438222950149,0.3293598377459589,0.1970612349776014,0.0030848964772349774
73,0.881178677601126,61,0.011539551208326775,1.5949209575885315,2.248583669618205,0.19193366772443443,0.560131011578566,0.1970612349776014,0.05684047104284824
91,0.38771881440382705,30,0.08965773765413738,0.146522484946825,2.5912095589178574,0.22827310881359397,0.362638008813446,0.1970612349776014,0.05500429255771534
47,0.80014010703662,58,0.0388970007891545,1.3444594853403977,2.5544296495075116,0.19244549083836626,0.36846903307526513,0.1970612349776014,0.06875017983240622
113,0.7753327087460387,46,0.09463872476569625,0.5033576580675403,2.8524887867098903,0.2454703654417033,0.4604303459378934,0.1970612349776014,0.0035518154876017687
68,0.86315844936115,49,0.07478277029266302,1.1925937130857367,2.0243907518849573,0.20902855972975742,0.5432793170294143,0.1970612349776014,0.050956020138935285
36,0.163023723283655,46,0.09475719756541072,0.576421329936552,3.0214011334050954,0.2517146074316716,0.23106883908897258,0.1970612349776014,0.01314356222927755
120,0.4853431915680366,37,0.013060626220982766,1.2950438663934993,3.575093299513637,0.21138294605384378,0.32629940741720775,0.1970612349776014,0.03245495777750183
118,0.9905389450552164,22,0.0751194383351643,1.7882922383058797,3.232569522817731,0.2494625857303716,0.2732162310973304,0.1970612349776014,0.0
58,0.18653858054475203,42,0.010879121733643655,0.3529379771791842,1.1757778818448044,0.18394922714709794,0.9553936719412283,0.1970612349776014,0.07882547858840092
120,0.5868096359564569,25,0.030425955363050594,1.01835623339987,2.0308992854443924,0.2111782168082711,0.5112295637015198,0.1970612349776014,0.03863617397319161
89,0.2756019735891103,39,0.037333627009181906,1.4669923659022448,2.306622895867573,0.20411505783601191,0.474418600143297,0.1970612349776014,0.08929461628854782
126,0.6961373392309704,35,0.045486002610093744,1.401598470590337,2.454621832327422,0.20411505783601191,0.5019009355282407,0.18456721750300442,0.04339595057942758
93,0.11236089316849995,56,0.08544179963097356,1.242445791846888,1.2978380592656853,0.19039819838263894,1.2513996697785514,0.18456721750300442,0.07582469287913932
38,0.3398271585933412,48,0.06493707019134974,1.015584094173894,1.2791393072550585,0.18804381205855258,0.7184177194996644,0.18456721750300442,0.053707795067978764
99,0.8325748498465246,35,0.08511360740380051,0.7205892226997941,2.7715027753653083,0.2327771522161941,0.3817212138104858,0.18456721750300442,0.013660578634724602
70,0.46860871758154965,31,0.05799032479119254,1.0982384216230376,2.637766724738197,0.2045245163271573,0.31341070630657575,0.18456721750300442,0.045260925982258976
82,0.9125488405454361,37,0.016137692130229007,1.5437227307664432,3.1015243167117665,0.2156822602108711,0.3117897273025912,0.18456721750300442,0.019666914542546148
97,0.29626449941837163,20,0.08854832099840557,1.3016663249884044,1.464723481009802,0.2381001126010851,0.6140737618510184,0.19325375950337093,0.0
103,0.7051852410080215,45,0.09069173172533057,0.3515599184613185,1.8803816761182044,0.20237485924864362,0.7129603362676209,0.19325375950337093,0.044651088558455676
117,0.6100202461115719,56,0.03809368239039962,0.46609107611432743,3.4460205768243832,0.20902855972975742,0.4206280191951721,0.19325375950337093,0.0365575432407885
57,0.21415633475811824,49,0.0332015488848953,0.7346754549889375,3.9282600606996017,0.22069812672740297,0.2279442723804715,0.19325375950337093,0.07078177668012917
79,0.4391960575827061,27,0.016610777295898473,1.2162541980721198,4.714645617654867,0.19490224178523907,0.16040972967418984,0.19325375950337093,0.045650814146306846
91,0.21882782437653314,33,0.061070110329370396,1.7470640756516995,3.9897544514683396,0.2356433616542123,0.233011387295124,0.19325375950337093,0.0037667147552133563
38,0.23626314182738006,51,0.08942605327416785,0.29287374134618505,1.7369069109018982,0.1956187941447436,0.48977300295321596,0.19325375950337093,0.04841486182797964
103,0.38947412931971814,33,0.0756480765226497,0.5168924865018081,2.4284479909776064,0.5870611116798035,0.4409964123547216,0.19325375950337093,0.09530446843937679
33,0.8982355031652802,16,0.017450883734294546,1.2844816598839237,3.955127555668469,0.23154877674275776,0.09107589514191092,0.19325375950337093,0.004500378218127674
108,0.15026234692989393,59,0.025710186092911553,1.5215033100610849,2.7468173297254,0.21680827106152112,0.5374217215892925,0.19325375950337093,0.06376135176259516
119,0.5985253357735391,18,0.026006371588910927,0.5114930419888075,4.493603807136997,0.2165011771931621,0.16968290389113372,0.19325375950337093,0.018595218548591256
42,0.02334200979261203,46,0.06494315233412844,1.1605977907715332,2.3794841479434132,0.19418568942573444,0.3321405808975157,0.19325375950337093,0.08356637490924093
36,0.6241131404945237,55,0.012621319069151229,0.7621026308591192,2.222544063503598,0.1912171153649299,0.36519331523375026,0.19325375950337093,0.04439916454215491
50,0.8462092822548926,22,0.09996765211308933,1.4401878653119942,1.2522920612433466,0.24004504043402597,0.5625062656046544,0.19325375950337093,0.00010636791799365636
89,0.18540012312806442,47,0.09719547009775037,0.6590978048052736,2.0875898006558087,0.2381001126010851,0.5923046881042777,0.19325375950337093,0.0
110,0.261086472227284,32,0.0188171696207395,1.1412465438231334,2.0059158488556057,0.18568942573446612,0.5661285988162488,0.19325375950337093,0.060144605334222986
39,0.4506741531217271,46,0.0042215378881433185,1.5292439013741628,3.5526190601740657,0.1916265738560753,0.20061917343204383,0.19325375950337093,0.05680924522236303
49,0.9111572650489587,58,0.015729640250846253,1.282393239746359,2.609873519806585,0.1940833248029481,0.36755214155331306,0.19325375950337093,0.043501394643763305
88,0.6284580745492094,63,0.02810558052519956,0.30408249849498425,1.6889137685069238,0.18507523799774794,0.9016999205076415,0.19325375950337093,0.056097975005342124
63,0.9142621738832764,30,0.0050069886146526165,1.971499508651694,1.4670384615029595,0.1811853823318661,0.6039951738930296,0.19325375950337093,0.059230325161316766
90,0.5762470307679394,41,0.04495253459334088,0.7002191869241787,4.619117142450605,0.3990172996212509,0.2213571862022312,0.19325375950337093,0.11079186502717753
39,0.5489692803460904,20,0.044956797749801096,0.6027850209146246,4.077881008655023,0.3021803664653496,0.10895977450723034,0.19325375950337093,0.02719735623061703
128,0.5869641371763186,28,0.08495157379131786,0.6325731333140102,1.6053782350894088,0.2381001126010851,0.7592498901615413,0.19325375950337093,0.0
47,0.6236880771681049,50,0.035340710186400795,1.9137806970916604,1.254159061066189,0.19193366772443443,0.8503822964558525,0.19325375950337093,0.043877952255322476
53,0.9468780639889365,36,0.037295063899689104,0.22214725612407032,2.721989231927054,0.24444671921383965,0.2816583131447681,0.19325375950337093,0.046065658515145616
115,0.17851832205317075,55,0.017020316458786447,0.5689785304193316,1.5390277093802887,0.18087828846350706,1.0964841130403413,0.19325375950337093,0.07660160100321743
102,0.6459840420514519,60,0.016383325870230288,1.5498493548561398,3.351052413644513,0.1967448049953936,0.4181877441248368,0.19325375950337093,0.04172440518415029
91,0.8312629618519615,42,0.08348071776715452,1.0959265681910781,1.5321947583771371,0.23472208004913497,0.8367163911760198,0.19325375950337093,0.001328839881839571
58,0.8050122863374928,50,0.024157282519061803,0.5453191989304521,3.240120649618192,0.19797318046882995,0.28960698899375004,0.19325375950337093,0.03868751098312802
122,0.8454607030423849,22,0.032104068914545834,0.8719158739115577,2.132496875830806,0.2378953833555123,0.4531786474322827,0.19325375950337093,0.00015822346409850293
54,0.9690848968017544,23,0.02734958292167322,0.3475282326201685,2.8995829421741117,0.19265022008393895,0.20720806748196283,0.19325375950337093,0.04713080843792688
56,0.5955736402021613,47,0.09885870643877068,1.6977923175902612,4.83997022693047,0.2367693725048623,0.1746976458221453,0.19325375950337093,0.0005937056760805595
117,0.7974899819835567,57,0.08312332342498077,1.5309563440950287,4.160579831594545,0.2381001126010851,0.34331053355006635,0.19325375950337093,0.0
63,0.11799325023076734,44,0.03773348423213544,1.7944716362209818,3.681946107262692,0.20687890265124376,0.2443101346946165,0.19325375950337093,0.024836054871802467
54,0.9671009614189596,50,0.042137042720969554,0.8943952873311208,3.722870909331133,0.22080049135018942,0.23791624314688817,0.19325375950337093,0.016717459482457928
48,0.5774555565484818,32,0.07152766312347672,0.14391510713997344,4.7648359446000175,0.2381001126010851,0.1324880162744271,0.19325375950337093,0.0
87,0.28533204776289267,38,0.08510299192819845,1.0656457253537814,4.802004179202651,0.24639164704678063,0.1995749711123559,0.19325375950337093,0.002262571814949807
71,0.9128870453286194,24,0.09017244010239507,1.8873424588840741,3.4912057206994422,0.31487357969085883,0.19897815453474085,0.19325375950337093,0.0014655240797609437
45,0.4483574839547697,51,0.04446036039935183,1.1037484420549601,3.941246874235231,0.2293991196642441,0.20400595661974383,0.19325375950337093,0.05691471171732283
105,0.5293021108261923,48,0.028968784117772373,1.5166687266227363,3.6993888567155992,0.19868973282833458,0.33631245491214856,0.19325375950337093,0.03518244612431744
116,0.5965291839862512,34,0.02267588989107028,0.29812634589369436,1.0421418720795037,0.18108301770907975,1.5138026234460755,0.19325375950337093,0.07435876560837704
108,0.15862080892159103,28,0.030277940010627502,1.284083808173431,4.100540687522059,0.24864366874808064,0.22686434835180277,0.19325375950337093,0.004071680400558237
90,0.47393609234806233,18,0.00751922919051195,0.6862712168854762,1.7520876413690676,0.19080765687378443,0.439517955760159,0.19325375950337093,0.04638300686637647
85,0.5765423279921618,27,0.07825549449876076,0.7661250686314139,1.7728105718971992,0.22018630361347113,0.5233693306112818,0.19325375950337093,0.06486388701962219
38,0.16066410511158158,18,0.06780995120797059,0.40411520920999777,4.281614545016804,0.22448561777049847,0.09598208401618676,0.19325375950337093,0.019841554501175272
47,0.3207280837987564,61,0.021589650735337564,0.44437031516507064,1.8207587051361576,0.18527996724332074,0.5712016367604626,0.19325375950337093,0.06882213044786872
67,0.090198050392164,19,0.04628465164646915,0.5391221754488726,4.127033397642634,0.2381001126010851,0.14050463825552417,0.19325375950337093,0.0
53,0.5904894858148277,49,0.039489738812286485,1.7876505049581115,3.0333367634209014,0.18568942573446612,0.2939032481005421,0.19325375950337093,0.05230886700423536
50,0.5571965469021628,23,0.0685944712768568,0.5428818504984584,1.8879796429217617,0.26584092537619,0.3318675456829789,0.19325375950337093,0.022857858302371817
112,0.7439472335181059,27,0.030992531461203992,0.7996829711487096,3.850527152500655,0.2067765380284574,0.24346830179614004,0.19325375950337093,0.03913978812953012
88,0.5698298159073586,57,0.04135780784930719,0.9287926537149556,1.6199117404120806,0.1914218446105026,0.9017298044194607,0.19325375950337093,0.050568408899151825
38,0.36291295450993866,50,0.019294753934701016,0.9694487931831484,3.6507028533778323,0.19664244037260725,0.20084780629146884,0.19325375950337093,0.04908281629605846
124,0.523530203768546,45,0.09888461718519458,0.9222274373100822,3.8257726406581565,0.23646227863650326,0.342332655283915,0.19325375950337093,0.00022393245893401366
107,0.3502844387300379,37,0.08689935617943063,1.1185172903292537,1.0854385968983054,0.21281605077285293,1.4172633530795111,0.19325375950337093,0.04342714585176506
109,0.11167368467346916,57,0.050065947671593405,0.6554385196380572,3.3839497163140093,0.1963353465042481,0.4170796183452483,0.19325375950337093,0.04994524092285982
118,0.06843666889738098,45,0.03777588504882175,0.10836047778125095,1.8764522295843702,0.19572115876752993,0.7700079475648632,0.19325375950337093,0.08594679592503653
117,0.8707333341998498,42,0.037103939378089326,1.2780630431075608,4.517542946423734,0.22827310881359397,0.2651383178774035,0.19325375950337093,0.013411561670809417
123,0.15001924485854767,46,0.026761043677337976,1.1753935310125272,1.8887604353575207,0.18149247620022524,0.7907587807851031,0.19325375950337093,0.07202284642446284
104,0.7079138604837197,51,0.07794369765202089,1.6953800205087766,3.356190145486164,0.2416828743986078,0.38616934434765865,0.19325375950337093,0.007684583920207171
123,0.9498184195355772,49,0.014252981545562985,0.1161840849498138,3.2064672574939004,0.19224076159279357,0.43622962573199486,0.19325375950337093,0.03914804326678744
38,0.6973701319061864,62,0.04028821074746829,1.8110315934114334,1.0392541144803564,0.18466577950660257,1.144066784778353,0.19325375950337093,0.07349634098157568
113,0.6740888617094585,57,0.09459117079944537,1.3057594040428617,3.477340792626163,0.2603132357457263,0.41239026752028984,0.19325375950337093,0.01244689669464304
91,0.3451113686861943,47,0.028085243068687843,0.7891860071684584,2.7653338484315544,0.20933565359811646,0.42916650779359716,0.19325375950337093,0.028773660456905714
32,0.7158137039257971,51,0.04224245349494041,0.10818556578573665,4.2732019802107155,0.2418876036441806,0.15467400257530725,0.19325375950337093,0.0003674010512680209
94,0.012304086662431435,61,0.05877309788817857,0.9763534113828284,4.69745166588813,0.21946975125396662,0.2761020342615875,0.19325375950337093,0.04096687773249787
120,0.15427113603001363,39,0.016126786723662828,1.2509410976411506,3.7924399086398486,0.19050056300542528,0.31426408983501825,0.19325375950337093,0.09879971253145017
33,0.40004056421026557,56,0.05904739967384366,1.9655274026789749,2.6549618023332093,0.18978401064592076,0.2849988389094145,0.19325375950337093,0.04953775026824451
118,0.745875589938989,34,0.05419770543627532,0.906223156149347,1.080438152482731,0.18957928140034808,1.4387863225823505,0.19325375950337093,0.061379744663860286
57,0.40373387259798443,62,0.04259826311666161,1.6790302637740666,4.5840697108759745,0.19172893847886174,0.21790373902693297,0.19325375950337093,0.05637376301038098
63,0.7901126283967749,50,0.01287176148575777,0.7918587772071666,3.532754757699283,0.18886272904084345,0.2745670732275839,0.19325375950337093,0.048396880810620324
113,0.9510695860331972,38,0.050838785649422215,1.3885164564963073,2.6592004007450076,0.24127341590746243,0.45018064478483766,0.19325375950337093,0.000980273827647156
121,0.296509996686804,37,0.012238060746399097,0.6130909065833415,2.2838151761950116,0.18886272904084345,0.5513250370209518,0.19325375950337093,0.07892044059280616
33,0.8788972091789746,23,0.03614710009463346,1.829747655110367,2.295781172013267,0.23134404749718496,0.20843333043997841,0.19325375950337093,0.01560723840798444
58,0.7979615930001386,19,0.014708632645908635,0.695171259306051,1.1045167901964765,0.19459514791687993,0.6828854765321817,0.19325375950337093,0.037173642162762456
34,0.36857633254548106,52,0.040716281392931,1.247411054472302,4.758648811627275,0.2381001126010851,0.14327796280303226,0.19325375950337093,0.0
109,0.6038200184623669,48,0.001779628028124967,1.2335529894414965,2.7332036461628415,0.1853823318661071,0.4854381086163183,0.19325375950337093,0.05693800638625009
64,0.16642872687914823,46,0.009096906231792604,1.2634251834599544,1.7360796448546099,0.1796499129900706,0.615761870018879,0.19325375950337093,0.09469856983068049
110,0.9537142611782864,24,0.06671892514377456,0.5462487681358879,3.2777696739968567,0.43269526051796503,0.27138503154258026,0.19325375950337093,0.08080431984690611
38,0.7121130440664758,46,0.024183686931172493,1.455320272228141,2.9033091338175674,0.20841437199303925,0.2491708488283977,0.19325375950337093,0.0694385140297481
63,0.6816333391553746,55,0.06049483716964673,1.996062699671792,2.9482916257982423,0.20442215170437095,0.3553081000661614,0.19325375950337093,0.052927907411898706
40,0.25238284930024346,39,0.012183004565202136,0.6012683750328788,4.096299817462922,0.1980755450916163,0.15833643459289545,0.19325375950337093,0.03448237253024322
74,0.7368942239648261,50,0.0015719249524114504,1.5322518073772662,1.2935651439449907,0.18067355921793427,1.0423332733103488,0.19325375950337093,0.06533120369769421
60,0.11304465226011073,35,0.040969007530246654,1.6785887672889463,4.25965028307999,0.2274541918313031,0.178174609313463,0.19325375950337093,0.01009712406199817
33,0.9815532989147826,43,0.020076986371443402,0.6272532439676473,3.4017757368460826,0.21291841539563927,0.18549581159871983,0.19325375950337093,0.03805314638388931
40,0.15065024771416868,21,0.09456707992353121,1.7309240819939145,3.4546611643582756,0.7527894359709284,0.13695940344130478,0.19325375950337093,0.005834531751535144
107,0.47037130054351994,49,0.03869689734919571,0.6306173891899923,4.010453879543146,0.19551642952195725,0.3138322132693604,0.19325375950337093,0.045590418803039254
109,0.9232986802055905,34,0.006530273387259051,0.23786404900086644,2.8713646464094125,0.18405159176988428,0.3800149513452921,0.19325375950337093,0.05176701687425964
42,0.4662155204042576,58,0.0478975909687408,0.4566043933795705,4.133351852159539,0.26850240556863547,0.19983743327337114,0.19325375950337093,0.06927583089379791
102,0.12787444142693227,40,0.007334282605640698,0.6652621752517464,2.583408400588168,0.1912171153649299,0.4530315299222073,0.19325375950337093,0.057645149034642344
98,0.5308094182340186,52,0.054489459838344426,1.625898785033113,3.4210853702040227,0.22438325314771213,0.369770889496959,0.19325375950337093,0.012495810755058501
41,0.3723100304574246,49,0.04168048663880023,0.7025375133427874,1.9249672471404597,0.19019346913706625,0.43881644880573667,0.19325375950337093,0.058304848365463846
33,0.11143940473469738,54,0.057198177564881617,0.61085291759634,1.9357285556814379,0.19326440782065724,0.408264729979229,0.19325375950337093,0.05053187754462234
81,0.2666088523275907,57,0.09620351245742635,1.5580456623193246,2.546116313726562,0.21865083427167575,0.49281409172596047,0.19325375950337093,0.08459200454848573
37,0.343122919920538,36,0.07631869061057725,1.4885571115838576,1.6527872082604413,0.20247722387143008,0.4258004389936171,0.19325375950337093,0.05545241378315672
75,0.9275623433106102,22,0.03522032193610372,0.27693887831010233,2.5196361111057537,0.2071859965196028,0.28486982122260623,0.19325375950337093,0.026664899877520326
118,0.3741842734590537,55,0.010417779213696843,1.2868820629914133,2.4376392702764966,0.19316204319787078,0.62470536775345,0.19325375950337093,0.03555781765293733
83,0.7275779556889661,47,0.09657273741235571,1.4971085624744238,2.0425826794970714,0.2667622069812673,0.5855894393259745,0.19325375950337093,0.03433676898861854
55,0.3958867866841991,46,0.08210893039134283,1.4477577786558018,3.7478971674258963,0.24710819940628515,0.2277440580704527,0.19325375950337093,0.0023462143838270666
70,0.5486627903847869,61,0.07647951989845014,0.9900701895361147,2.92480550855063,0.21844610502610295,0.40183846212909907,0.19325375950337093,0.03391106010005606
72,0.8376953000926319,25,0.011621571777464746,0.7752154945392937,2.813393789946047,0.19684716961817994,0.2626626668058805,0.19325375950337093,0.0398663825381264
110,0.8616057185729593,60,0.011309607891503256,1.4821649961335936,3.5941386785815554,0.19398096018016175,0.4024419564114545,0.19325375950337093,0.03967603994803248
63,0.757486529034007,35,0.01693804469049643,0.5081284262080739,2.994242419442655,0.19234312621557992,0.27291272646863945,0.19325375950337093,0.07016952066687845
92,0.013753616969966354,40,0.01659275878325949,0.7502950815793598,4.695940439622401,0.19746135735489811,0.216980055585308,0.19325375950337093,0.04478103580528199
107,0.007415810479299845,24,0.021740910110194092,1.1624817449236655,2.114376329398709,0.23154877674275776,0.44699761477347977,0.19325375950337093,0.07641154307302893
110,0.27893518747361123,19,0.09034849697733538,0.16043196935851128,2.7331931304272334,0.2944006551335858,0.2946281248986438,0.19325375950337093,0.061797198415165455
109,0.8347653323308244,64,0.02744052359876381,1.204045018764385,4.807250892056474,0.2005322960384891,0.29939998712354376,0.19325375950337093,0.03320685893735318
34,0.7529757900714602,42,0.019358780647333443,1.0588475756211382,4.120917224547925,0.19244549083836626,0.14981297568735386,0.20291760844332013,0.04306763344054006
99,0.7251032272882014,26,0.03423191810807515,0.14981775932507868,4.734500364464663,0.2470058347834988,0.17694330791689478,0.20291760844332013,0.006907672450979781
49,0.28501283092373564,22,0.09023674245612776,0.7944678407703911,1.5889230363787088,0.4361756576927014,0.39956214816906316,0.20291760844332013,0.09748172190777571
81,0.3048643444082565,59,0.0025831173813121344,1.3772295926420965,3.590887184371882,0.1916265738560753,0.3379111469714645,0.20291760844332013,0.060431939456525
81,0.5632291994944624,55,0.02186755035209462,1.7933383696641723,3.6725714406583334,0.19449278329409359,0.3171192402332324,0.20291760844332013,0.07341462781611822
53,0.0417757621202024,30,0.022180865322006037,0.6157577465673375,2.204871525996452,0.1865083427167571,0.32726879533842784,0.20291760844332013,0.10017316187078096
40,0.03770102239142081,45,0.05820066583994612,0.7895000158394505,1.8944315462935197,0.2118947691677756,0.42162283509598536,0.20291760844332013,0.046644679722054404
71,0.7853933816653654,27,0.0054294821825440105,1.1115013893371588,1.029100988175765,0.18589415498003892,1.0389243727694513,0.20291760844332013,0.049895170809915596
80,0.47322244397913493,21,0.07228818601593015,0.6095801799934863,1.4182490612757426,0.20605998566895278,0.5935985796804321,0.20291760844332013,0.029538113135200765
80,0.3252763196413513,44,0.059685929876518516,1.7343105819747162,2.6888026653706754,0.1992015559422664,0.39895760149201825,0.20291760844332013,0.05407138311824736
69,0.1843464963323722,35,0.07704442422850696,1.2607720442988295,4.397839168076974,0.24618691780120794,0.18553176348821937,0.20291760844332013,0.0019553528245342938
56,0.8869864111057133,32,0.08345472424369457,0.1384479053982311,2.598142750128223,0.2278636503224486,0.2873833017069531,0.20291760844332013,0.013959606993310891
66,0.8293165866039333,20,0.03129547019760074,0.12065677889861284,3.479572882832056,0.20605998566895278,0.1738098743773725,0.20291760844332013,0.05664603046231881
31,0.208551684563551,44,0.010296961725208352,0.40447857186218317,2.4828899644120184,0.18712253045347527,0.26138046351365607,0.20291760844332013,0.07861260977606317
88,0.944614297940277,20,0.01252985977209177,0.2950783508937271,3.2020659964634093,0.19203603234722078,0.22353407511493234,0.20291760844332013,0.04816525710384237
93,0.6320117065539073,52,0.04607925700022261,1.1424768741230797,3.8362605954221887,0.23502917391749412,0.31569623697348415,0.20291760844332013,0.003186364078114086
40,0.10065126646286593,42,0.07192706575558055,0.4704409475226373,1.9524284581045128,0.24772238714300343,0.3911430846770244,0.20291760844332013,0.03510915894727129
42,0.8745859901499196,30,0.015423754562534597,0.1823560412336471,2.5998423121579144,0.1912171153649299,0.2370774542944483,0.20291760844332013,0.04919133662095557
80,0.9175628788817133,59,0.040560589764418106,0.6148443041451828,4.497468012615082,0.19991810830177092,0.26062297460501355,0.20291760844332013,0.03267626355310616
53,0.5090609273437119,48,0.08007947211562716,1.3397249566423786,3.9794153234342424,0.2096427474664756,0.21345078580590135,0.20291760844332013,0.04409783337851589
68,0.40741413015886363,28,0.015643079575430888,0.6023911176864915,4.96653965416461,0.1900911045142799,0.14227794426183107,0.20291760844332013,0.05232134091945439
124,0.45013096019495225,58,0.009321215220193187,1.3532811592432494,4.191950958304487,0.19746135735489811,0.3547713792083098,0.20291760844332013,0.04405767111539509
68,0.6424861081908793,24,0.035926117977344886,0.7321306997433024,3.428682141065825,0.23840720646944413,0.19838253450860052,0.20291760844332013,0.0
125,0.33841231747850553,23,0.037266629885866584,0.4654512511589204,3.6994455107402455,0.23840720646944413,0.24786544690537413,0.20291760844332013,0.0
89,0.4346056307029774,40,0.018339000769572348,1.0885517899345019,2.185956773381161,0.2009417545296346,0.5130889833694505,0.20291760844332013,0.03443033145044309
101,0.21644864747310177,17,0.02905316689880007,0.8636980688111764,3.967364401808846,0.23339133995291228,0.17294337439538912,0.20291760844332013,0.0053267095910326
46,0.8852014154171565,43,0.03534463459973277,0.7778413283193403,4.097854971427886,0.19080765687378443,0.18013285199992465,0.20291760844332013,0.03915749612538356
51,0.5594331615491422,50,0.0185589755374362,0.8946459502755725,3.9705252363607073,0.1912171153649299,0.21447261652796532,0.20291760844332013,0.04580378233796279
34,0.27904814237952014,32,0.029095882267996764,0.49819537276329484,1.0391549190641975,0.18691780120790258,0.7491826138717671,0.20291760844332013,0.0644993631818515
55,0.6918570502577089,21,0.0652320666693047,0.5489880951053244,4.310355273512396,0.23840720646944413,0.1269215127222883,0.20291760844332013,0.0
58,0.26972906539163977,24,0.0669669905957366,1.8762843531122912,4.751662117800372,0.23840720646944413,0.1259516099725578,0.20291760844332013,0.0
90,0.6041329309012308,30,0.07523412671174054,1.0843391967178033,4.8702567451903835,0.2331866107073396,0.17595270522214554,0.20291760844332013,0.00548361711192787
87,0.1997637380767271,64,0.007845380499486174,1.6029206224693437,3.1248805147537024,0.18845327054969807,0.4303040848479828,0.20291760844332013,0.06028729847589894
121,0.046710430026204786,43,0.021427864558918333,0.7339074577216356,2.914422964478339,0.19602825263588908,0.4494477895536328,0.20291760844332013,0.04773095527268945
107,0.4231012407116178,58,0.002143067100161987,1.5097079984426085,4.248362954774363,0.1891698229092026,0.32253069341793655,0.20291760844332013,0.05597018671852903
65,0.8607929919709107,39,0.025029379747192472,0.3823888979374145,1.4819538987368954,0.1872248950762616,0.6994609182680985,0.20291760844332013,0.04332518342503401
89,0.7266065536953642,17,0.041192094203034074,1.9478567676745009,4.0247652360201105,0.22694236871737128,0.15882069351646233,0.20291760844332013,0.014926058810814331
102,0.04476828158725943,36,0.04888114370146364,1.3295562395177818,2.6453149490672794,0.19797318046882995,0.4159619009529678,0.20291760844332013,0.05444960933674106
52,0.30346066204052835,52,0.05342925464445345,0.5010376029562031,4.902231042495806,0.20350087009929363,0.17478171194525105,0.20291760844332013,0.09445970105257334
96,0.36656870386101925,50,0.030390220020726888,1.6058494027928105,4.34459749241271,0.23840720646944413,0.2736383204320585,0.20291760844332013,0.0
111,0.844371191040202,42,0.019804084423189858,0.8457940936656968,2.966203871423508,0.19357150168901627,0.4147474664479786,0.20291760844332013,0.03327936055614883
98,0.9164269643024561,28,0.059366414342565024,0.3690605772950275,2.9181665635005523,0.2656361961306173,0.31672013455783216,0.20291760844332013,0.0021277948056932644
66,0.6213374629604612,48,0.011130273369678215,1.3231093654436934,1.2333862930048904,0.18702016583068892,1.0259866879589818,0.20291760844332013,0.053258476179326025
38,0.3058885350937356,39,0.040753813218468146,0.595732026911565,4.596714291544162,0.23840720646944413,0.13529503057514605,0.20291760844332013,0.0
123,0.07478014963386392,23,0.014401801640191666,0.9823188181438011,2.012098352538692,0.18487050875217526,0.5008097217831847,0.20291760844332013,0.08063649419816327
75,0.9741002984777618,37,0.023584628273680727,0.3534095049983581,2.9224094189924528,0.1954140648991708,0.3180367462929761,0.20291760844332013,0.03508192628065049
40,0.2029097860909893,18,0.08927500610709128,0.9767576675099173,3.797876751586058,0.23840720646944413,0.11302377855168035,0.20291760844332013,0.0
127,0.11685559286171399,55,0.010286263487889136,0.7596168600446559,4.307879609438231,0.18466577950660257,0.3386082845399855,0.20291760844332013,0.06810430518621745
92,0.21855723572160124,21,0.030748752773844756,1.529968822619787,3.4785782783661268,0.22735182720851677,0.21406127918015078,0.20291760844332013,0.06957292737620882
69,0.4220427056647569,42,0.03569477024455268,0.6675689188956312,2.753755943450622,0.20636707953731193,0.3488829818654772,0.20291760844332013,0.03674771297697661
124,0.8226366699057661,42,0.0038726437768588397,1.193061666674236,4.840466737870022,0.18282321629644793,0.2533956723830559,0.20291760844332013,0.04698639048669655
66,0.8792548599080366,39,0.002136707590831801,1.7058598307890003,2.023082589118647,0.1956187941447436,0.4724948858918391,0.20291760844332013,0.03976911813710752
55,0.5240482042811457,20,0.051170502751182845,1.0567400340389836,2.7939222533255323,0.23840720646944413,0.2024550683783966,0.20291760844332013,0.0
91,0.655683857493049,31,0.06028538737020257,1.2726086653151836,2.1332213921254986,0.24086395741631694,0.4654691366206799,0.20291760844332013,0.0037416263102227924
122,0.2282085483468499,43,0.001623024610352102,1.7314765070018727,2.912792192226096,0.1863036134711844,0.4517601089760195,0.20291760844332013,0.06643861321221001
84,0.29612186309263666,25,0.009856142274477436,0.9687439780903441,4.665121109981687,0.20780018425632096,0.16098406257822118,0.20291760844332013,0.04687404981674074
55,0.019599529394505155,38,0.03254486692578122,1.5887276475680394,2.46205199614717,0.20237485924864362,0.3329274177856325,0.20291760844332013,0.04782345161688157
114,0.36054912318226107,29,0.08238922273722896,1.7419403732820895,2.1951988008212466,0.2682976763230628,0.490208450148478,0.20291760844332013,0.014958643288440637
35,0.31434557971541344,46,0.055941829239039766,0.7910031338067011,4.4549423817228515,0.2363599140137168,0.14656407625027323,0.20291760844332013,0.01475697947196854
42,0.6493786448318999,35,0.08908147712722828,1.606464664879537,3.407466820830252,0.23840720646944413,0.18872158547193094,0.20291760844332013,0.0
107,0.5171353803949749,35,0.018249488486989623,0.10720486690963264,2.426877958337979,0.20442215170437095,0.46534009861441095,0.20291760844332013,0.0445845640130588
52,0.17274495461650752,48,0.0048609648007384605,1.3962241994396953,2.817816037843029,0.18548469648889343,0.31308178955893323,0.20291760844332013,0.0567187772030659
71,0.7137508759794056,64,0.048593200517541575,1.6607723910653938,1.6302777229272598,0.18702016583068892,0.8470309293042171,0.20291760844332013,0.04974640940842691
67,0.5141012968945836,62,0.0414786254794534,0.7382107020329869,1.287157435144577,0.20083938990684824,1.1177796422249195,0.20291760844332013,0.0329216417196496
81,0.45697338519009134,54,0.032678513676315614,1.229118430277923,2.8853670622721905,0.1874296243218344,0.4136058285392941,0.20291760844332013,0.050333971951205876
77,0.20835193738999858,18,0.011433243613923418,1.2161674799661268,3.774753045497168,0.20882383048418462,0.1627684212615384,0.20291760844332013,0.06982953013751597
68,0.6347453977963988,60,0.02037283544966767,0.4034133529036785,3.7122505260352328,0.20421742245879826,0.2985816155815665,0.20291760844332013,0.032410756893843
79,0.6645722529149789,45,0.002151126384038314,1.691377691555516,1.5596770093581314,0.1865083427167571,0.7852326660211345,0.20291760844332013,0.049738263289020354
91,0.8686364264314325,35,0.03377001872330997,0.49255241181563414,4.321857687146566,0.20626471491452558,0.21999370285709924,0.20291760844332013,0.025639579304082706
66,0.04825702150547573,47,0.09413137669896082,1.7787150390045146,2.553746325712708,0.20759545501074828,0.3953938166832542,0.20291760844332013,0.07657731131456202
125,0.46213756641593495,30,0.0989150408407514,1.3793425453945967,2.6875692924309975,0.2743371890674583,0.41307085280032463,0.20291760844332013,0.0061104894169594914
109,0.9160273623969257,50,0.01889710156728061,1.613027502215899,4.751264448054812,0.2094380182209029,0.2653700128376376,0.20291760844332013,0.03466353779903599
86,0.42909365232995755,38,0.010291369735112545,1.2632231298802774,4.101352104321024,0.19305967857508444,0.23656318390761646,0.20291760844332013,0.05453012330762001
66,0.3371164131387311,25,0.0012624889120908358,0.31784393412781825,1.282244901674252,0.1912171153649299,0.678136454590114,0.20291760844332013,0.049798932934135585
125,0.3224592601299404,59,0.04898151980956269,1.1003026228466517,3.333440137510684,0.23840720646944413,0.46573425671966834,0.20291760844332013,0.0
98,0.313371372943137,55,0.057936052471234845,0.15882502974981783,2.5525315887024527,0.2058552564233801,0.5346080107248401,0.20291760844332013,0.078443056825624
31,0.47086286271489086,61,0.03361259878982274,0.14633624896687977,3.0897269407663344,0.1925478554611526,0.2420890786362298,0.20291760844332013,0.05504493910965187
121,0.191830776227351,24,0.03533446887071871,0.36722271165188825,4.026831385231766,0.23574572627699864,0.2264557524629261,0.20291760844332013,0.011071523496723648
50,0.6551093209955013,37,0.012394656734432536,1.2319439684423978,2.209118286298798,0.19500460640802542,0.35448982030311704,0.20291760844332013,0.05755939042020147
47,0.06697204022039227,36,0.024351182150210517,1.5137086854306512,4.02810821256918,0.2200839389906848,0.1686249931247083,0.20291760844332013,0.02400637708538289
112,0.512152159106991,33,0.014427493949245983,0.525800160921592,3.5510418134950044,0.19551642952195725,0.29756604510685064,0.20291760844332013,0.045650995237930155
98,0.17458196783400437,60,0.09316168375340314,0.4820432553844437,2.113591916670084,0.21179240454498927,0.7025086273049879,0.20291760844332013,0.06352992761130961
73,0.7548194046727893,33,0.013024190968907532,0.38188404742240845,3.5861572567067284,0.20247722387143008,0.23306881680095728,0.20291760844332013,0.03434186080479492
69,0.8944434481784862,36,0.012157485260509207,1.2929600991507348,3.7528015405961623,0.18957928140034808,0.22515820314628215,0.20291760844332013,0.04188876682339422
74,0.31941088981384314,19,0.07058116190841483,0.6251913659705637,2.5802724592849167,0.23850957109223048,0.25393387139321244,0.20291760844332013,0.0018627617580235015
58,0.7563439724222433,19,0.027030869706298928,1.8515044570289745,2.7111773804052053,0.23758828948715327,0.20986235548790055,0.20291760844332013,0.001983437992023244
58,0.9032352235160986,55,0.009618958299420534,1.6337902109433955,3.837087459264614,0.19725662810932543,0.25161845647898495,0.20291760844332013,0.04061375705278704
92,0.9745860984282756,46,0.03454903687107347,1.9364535375889034,1.3171395288664272,0.19039819838263894,1.0923754060449127,0.20291760844332013,0.04987101661865194
89,0.7797217177713834,44,0.005365258022244464,0.659677197853109,3.4836170267411477,0.1914218446105026,0.3139769491861741,0.20291760844332013,0.05121503159841829
113,0.5612970503769003,56,0.010888178063247766,0.7680635189263859,1.5507239726236737,0.18804381205855258,1.0859076540035981,0.20291760844332013,0.05628016550641298
95,0.15649465480086155,42,0.08867865891827885,0.8512383182764615,4.293924371967449,0.2339031630668441,0.25051893245354157,0.20291760844332013,0.003942721792782803
87,0.20006461125887953,45,0.018085849449918152,0.6440185143306564,4.431807306884817,0.19991810830177092,0.23932079080819657,0.20291760844332013,0.059647496574367354
48,0.38373288443724896,46,0.08328551926876694,0.6544989037045078,2.081241533361458,0.21547753096529842,0.4196602068683804,0.20291760844332013,0.057752245061036225
31,0.00803589944107408,42,0.06863153898202216,0.3485895351428482,4.473099493003888,0.22550926399836213,0.12991588147715896,0.20291760844332013,0.021741234917602003
119,0.8909478746974594,35,0.06897256539938892,1.2494547888667247,4.461505671033288,0.7342614392465964,0.24572297614455424,0.20291760844332013,0.028500903745642514
101,0.6697992196517726,56,0.01171821929702687,1.4461422017161791,4.557795751133398,0.2020677653802846,0.28347998765962545,0.20291760844332013,0.05657347316620907
58,0.47521155953402494,43,0.05864913434492599,0.6148792336709183,3.269183818361839,0.23339133995291228,0.26392612801205917,0.20291760844332013,0.005177853467225225
35,0.7133577542496797,18,0.006040771256949303,0.2252419198064264,4.901766886484378,0.20882383048418462,0.07881804695191953,0.20291760844332013,0.028041595222357798
81,0.20158344457627386,64,0.07513310013811604,0.574280127481341,4.365153180231381,0.2509980550721671,0.28363627157320115,0.20291760844332013,0.04103569762135208
104,0.13348491739816315,64,0.060691150478821676,1.7657214022165861,2.8267650358137133,0.21220186303613475,0.5323990604854408,0.20291760844332013,0.04212666192676184
118,0.9608374452368998,35,0.03491826430013894,1.81817132237856,4.336614700047532,0.23840720646944413,0.2524840217048513,0.20291760844332013,0.0
118,0.3889598189100346,43,0.04074720437644758,0.659378171792787,4.422599958300449,0.19868973282833458,0.2763406839468504,0.20291760844332013,0.04721173488283892
69,0.3327558216105295,63,0.09642185182379968,0.5607591994153579,4.669951547877585,0.23461971542634863,0.23892701265431668,0.20291760844332013,0.003343271599009356
87,0.33607164365979514,55,0.09458493999402057,0.7908809034338853,3.4818415979148005,0.24004504043402597,0.35022776855335747,0.20291760844332013,0.022123392112320967
95,0.7668110243535121,37,0.016747933464637075,1.7548888724836054,1.430744103007103,0.19193366772443443,0.87743927351225,0.20291760844332013,0.046705065200213614
80,0.9586258718391765,43,0.027770302471794784,1.7394403825983926,3.9970605633509257,0.19868973282833458,0.2504597199086279,0.20291760844332013,0.021950002907975177
114,0.05838465460326703,50,0.009171720545331018,1.5774849461981633,3.856482170698647,0.18507523799774794,0.34348057613392824,0.20291760844332013,0.07309707124273977
77,0.980824973840709,30,0.05091133030151738,0.35611764757740505,2.9862217015606105,0.23850957109223048,0.28080124807525914,0.20291760844332013,0.00045059406996607245
40,0.4243507043503566,40,0.0794899799937402,1.0244888700765846,4.45970666825886,0.23840720646944413,0.14593231166746787,0.20291760844332013,0.0
126,0.45974048283919944,49,0.039199045129834846,1.2488367548938364,3.7537020748690617,0.19889446207390726,0.3695781670548682,0.20291760844332013,0.06414912740852807
70,0.6573625440126944,45,0.02066394713937781,1.744704326219361,4.967271446728168,0.2276589210768758,0.18718849785160926,0.20291760844332013,0.009080318274568556
127,0.822024337707988,53,0.01740537914840054,0.1310378358491067,3.466475597553821,0.19950864981062544,0.4238368616160072,0.20291760844332013,0.03666729372841634
109,0.3859721348941072,46,0.012806803840467451,1.4804184838922336,4.630517475385398,0.18149247620022524,0.2607849277761615,0.20291760844332013,0.059900831415680006
119,0.2522109409252288,42,0.0011263042552784718,0.6383779825364378,3.6506286881278327,0.19346913706622992,0.33992579268299666,0.20291760844332013,0.04963397401615244
67,0.7355882907128135,63,0.08940631277950366,1.9945043356414422,2.8077310973401586,0.349677551438223,0.4185223518114015,0.20291760844332013,0.057899538266585365
69,0.3964188924596589,35,0.027893333830571222,0.6123057053092166,2.2075827145129705,0.20575289180059375,0.41029510538470143,0.20291760844332013,0.041068660988253104
56,0.3489434614421201,39,0.054879403032088145,1.7652889823319249,1.439594061466222,0.19572115876752993,0.6708692568373961,0.20291760844332013,0.049682282398679806
102,0.42340869269837234,55,0.06444085417154978,0.8160813236565043,3.26249936899706,0.21793428191217112,0.4112790026298192,0.20291760844332013,0.04639106071378572
50,0.2729152035655603,46,0.04979910403346366,0.36263274509134824,3.468099748606628,0.20994984133483463,0.23607246018823017,0.20291760844332013,0.0752212192391638
